run,seed,accuracy
1,42,0.9254587155963303
2,43,0.9220183486238532
3,44,0.926605504587156
4,45,0.9231651376146789
5,46,0.9231651376146789
