run,seed,accuracy
1,42,0.9187259747391543
2,43,0.9167124290682775
3,44,0.9119531393007505
4,45,0.9165293794618341
5,46,0.9121361889071938
