run,seed,accuracy
1,42,0.9025229357798165
2,43,0.9151376146788991
3,44,0.9105504587155964
4,45,0.9059633027522935
5,46,0.9036697247706422
1,42,0.9025229357798165
2,43,0.9151376146788991
3,44,0.9105504587155964
4,45,0.9059633027522935
5,46,0.9036697247706422
