run,seed,accuracy
1,42,0.8290316675819147
2,43,0.8339740069558851
3,44,0.8092623100860333
4,45,0.8347062053816584
5,46,0.8215266337177375
1,42,0.8250045762401611
2,43,0.8341570565623284
3,44,0.8070657148087131
4,45,0.8350723045945451
5,46,0.8217096833241808
